scenario,ordering,status,wallSec,ruleCount,rep,position,path,valid
case_3,Lexicographic,OK,0.001522,16,1,1,dnfReduce,True
case_3,Lex-BranchState,OK,0.001597,16,1,2,branchState,True
case_3,Block-Vertex,OK,0.001633,16,1,3,branchState,True
case_3,Block-Edge,OK,0.001553,16,1,4,branchState,True
case_3,Block-SCC,OK,0.001557,16,1,5,branchState,True
case_3,Lex-BranchState,OK,0.001388,16,2,6,branchState,True
case_3,Block-Vertex,OK,0.001451,16,2,7,branchState,True
case_3,Block-Edge,OK,0.001432,16,2,8,branchState,True
case_3,Block-SCC,OK,0.001475,16,2,9,branchState,True
case_3,Lexicographic,OK,0.001343,16,2,10,dnfReduce,True
case_3,Block-Vertex,OK,0.001517,16,3,11,branchState,True
case_3,Block-Edge,OK,0.0014,16,3,12,branchState,True
case_3,Block-SCC,OK,0.001455,16,3,13,branchState,True
case_3,Lexicographic,OK,0.001267,16,3,14,dnfReduce,True
case_3,Lex-BranchState,OK,0.001303,16,3,15,branchState,True
case_11,Lex-BranchState,OK,1.65507,37,1,1,branchState,True
case_11,Block-Vertex,OK,2.55906,37,1,2,branchState,True
case_11,Block-Edge,OK,2.51063,37,1,3,branchState,True
case_11,Block-SCC,OK,2.59639,37,1,4,branchState,True
case_11,Lexicographic,OK,0.32637,43,1,5,dnfReduce,True
case_11,Block-Vertex,OK,2.55294,37,2,6,branchState,True
case_11,Block-Edge,OK,2.51229,37,2,7,branchState,True
case_11,Block-SCC,OK,2.57062,37,2,8,branchState,True
case_11,Lexicographic,OK,0.322228,43,2,9,dnfReduce,True
case_11,Lex-BranchState,OK,1.63657,37,2,10,branchState,True
case_11,Block-Edge,OK,2.49229,37,3,11,branchState,True
case_11,Block-SCC,OK,2.56611,37,3,12,branchState,True
case_11,Lexicographic,OK,0.324291,43,3,13,dnfReduce,True
case_11,Lex-BranchState,OK,1.61824,37,3,14,branchState,True
case_11,Block-Vertex,OK,2.55312,37,3,15,branchState,True
case_12,Block-Vertex,OK,0.039668,44,1,1,branchState,True
case_12,Block-Edge,OK,0.04593,44,1,2,branchState,True
case_12,Block-SCC,OK,0.041091,44,1,3,branchState,True
case_12,Lexicographic,OK,0.007489,44,1,4,dnfReduce,True
case_12,Lex-BranchState,OK,0.025453,44,1,5,branchState,True
case_12,Block-Edge,OK,0.043604,44,2,6,branchState,True
case_12,Block-SCC,OK,0.040346,44,2,7,branchState,True
case_12,Lexicographic,OK,0.007738,44,2,8,dnfReduce,True
case_12,Lex-BranchState,OK,0.026208,44,2,9,branchState,True
case_12,Block-Vertex,OK,0.039664,44,2,10,branchState,True
case_12,Block-SCC,OK,0.043263,44,3,11,branchState,True
case_12,Lexicographic,OK,0.007866,44,3,12,dnfReduce,True
case_12,Lex-BranchState,OK,0.026757,44,3,13,branchState,True
case_12,Block-Vertex,OK,0.042297,44,3,14,branchState,True
case_12,Block-Edge,OK,0.043615,44,3,15,branchState,True
case_13,Block-Edge,OK,0.013106,32,1,1,branchState,True
case_13,Block-SCC,OK,0.015882,32,1,2,branchState,True
case_13,Lexicographic,OK,0.005078,32,1,3,dnfReduce,True
case_13,Lex-BranchState,OK,0.014825,32,1,4,branchState,True
case_13,Block-Vertex,OK,0.01459,32,1,5,branchState,True
case_13,Block-SCC,OK,0.014982,32,2,6,branchState,True
case_13,Lexicographic,OK,0.004846,32,2,7,dnfReduce,True
case_13,Lex-BranchState,OK,0.014503,32,2,8,branchState,True
case_13,Block-Vertex,OK,0.015134,32,2,9,branchState,True
case_13,Block-Edge,OK,0.012866,32,2,10,branchState,True
case_13,Lexicographic,OK,0.005166,32,3,11,dnfReduce,True
case_13,Lex-BranchState,OK,0.014936,32,3,12,branchState,True
case_13,Block-Vertex,OK,0.015251,32,3,13,branchState,True
case_13,Block-Edge,OK,0.012868,32,3,14,branchState,True
case_13,Block-SCC,OK,0.015623,32,3,15,branchState,True
case_14,Block-SCC,OK,0.010198,26,1,1,branchState,True
case_14,Lexicographic,OK,0.003807,26,1,2,dnfReduce,True
case_14,Lex-BranchState,OK,0.009461,26,1,3,branchState,True
case_14,Block-Vertex,OK,0.009394,26,1,4,branchState,True
case_14,Block-Edge,OK,0.008136,26,1,5,branchState,True
case_14,Lexicographic,OK,0.004034,26,2,6,dnfReduce,True
case_14,Lex-BranchState,OK,0.009968,26,2,7,branchState,True
case_14,Block-Vertex,OK,0.010082,26,2,8,branchState,True
case_14,Block-Edge,OK,0.008308,26,2,9,branchState,True
case_14,Block-SCC,OK,0.01019,26,2,10,branchState,True
case_14,Lex-BranchState,OK,0.009996,26,3,11,branchState,True
case_14,Block-Vertex,OK,0.009949,26,3,12,branchState,True
case_14,Block-Edge,OK,0.008081,26,3,13,branchState,True
case_14,Block-SCC,OK,0.009802,26,3,14,branchState,True
case_14,Lexicographic,OK,0.003749,26,3,15,dnfReduce,True
case_15,Lexicographic,OK,0.001867,20,1,1,dnfReduce,True
case_15,Lex-BranchState,OK,0.002066,20,1,2,branchState,True
case_15,Block-Vertex,OK,0.002175,20,1,3,branchState,True
case_15,Block-Edge,OK,0.00214,20,1,4,branchState,True
case_15,Block-SCC,OK,0.00217,20,1,5,branchState,True
case_15,Lex-BranchState,OK,0.002026,20,2,6,branchState,True
case_15,Block-Vertex,OK,0.002141,20,2,7,branchState,True
case_15,Block-Edge,OK,0.00213,20,2,8,branchState,True
case_15,Block-SCC,OK,0.002184,20,2,9,branchState,True
case_15,Lexicographic,OK,0.001734,20,2,10,dnfReduce,True
case_15,Block-Vertex,OK,0.002193,20,3,11,branchState,True
case_15,Block-Edge,OK,0.002122,20,3,12,branchState,True
case_15,Block-SCC,OK,0.002101,20,3,13,branchState,True
case_15,Lexicographic,OK,0.001796,20,3,14,dnfReduce,True
case_15,Lex-BranchState,OK,0.00221,20,3,15,branchState,True
case_16,Lex-BranchState,OK,0.001415,16,1,1,branchState,True
case_16,Block-Vertex,OK,0.001452,16,1,2,branchState,True
case_16,Block-Edge,OK,0.001464,16,1,3,branchState,True
case_16,Block-SCC,OK,0.001515,16,1,4,branchState,True
case_16,Lexicographic,OK,0.00129,16,1,5,dnfReduce,True
case_16,Block-Vertex,OK,0.001579,16,2,6,branchState,True
case_16,Block-Edge,OK,0.001503,16,2,7,branchState,True
case_16,Block-SCC,OK,0.001489,16,2,8,branchState,True
case_16,Lexicographic,OK,0.001313,16,2,9,dnfReduce,True
case_16,Lex-BranchState,OK,0.001454,16,2,10,branchState,True
case_16,Block-Edge,OK,0.001438,16,3,11,branchState,True
case_16,Block-SCC,OK,0.001457,16,3,12,branchState,True
case_16,Lexicographic,OK,0.001292,16,3,13,dnfReduce,True
case_16,Lex-BranchState,OK,0.001329,16,3,14,branchState,True
case_16,Block-Vertex,OK,0.001432,16,3,15,branchState,True
case_17,Block-Vertex,OK,0.00186,16,1,1,branchState,True
case_17,Block-Edge,OK,0.001656,16,1,2,branchState,True
case_17,Block-SCC,OK,0.001818,16,1,3,branchState,True
case_17,Lexicographic,OK,0.001468,16,1,4,dnfReduce,True
case_17,Lex-BranchState,OK,0.00158,16,1,5,branchState,True
case_17,Block-Edge,OK,0.001746,16,2,6,branchState,True
case_17,Block-SCC,OK,0.001662,16,2,7,branchState,True
case_17,Lexicographic,OK,0.001423,16,2,8,dnfReduce,True
case_17,Lex-BranchState,OK,0.001548,16,2,9,branchState,True
case_17,Block-Vertex,OK,0.001683,16,2,10,branchState,True
case_17,Block-SCC,OK,0.001838,16,3,11,branchState,True
case_17,Lexicographic,OK,0.001543,16,3,12,dnfReduce,True
case_17,Lex-BranchState,OK,0.001621,16,3,13,branchState,True
case_17,Block-Vertex,OK,0.00166,16,3,14,branchState,True
case_17,Block-Edge,OK,0.001633,16,3,15,branchState,True
case_18,Block-Edge,OK,0.001646,16,1,1,branchState,True
case_18,Block-SCC,OK,0.00173,16,1,2,branchState,True
case_18,Lexicographic,OK,0.001527,16,1,3,dnfReduce,True
case_18,Lex-BranchState,OK,0.001613,16,1,4,branchState,True
case_18,Block-Vertex,OK,0.001647,16,1,5,branchState,True
case_18,Block-SCC,OK,0.001737,16,2,6,branchState,True
case_18,Lexicographic,OK,0.001432,16,2,7,dnfReduce,True
case_18,Lex-BranchState,OK,0.001631,16,2,8,branchState,True
case_18,Block-Vertex,OK,0.001635,16,2,9,branchState,True
case_18,Block-Edge,OK,0.001634,16,2,10,branchState,True
case_18,Lexicographic,OK,0.001406,16,3,11,dnfReduce,True
case_18,Lex-BranchState,OK,0.001605,16,3,12,branchState,True
case_18,Block-Vertex,OK,0.001606,16,3,13,branchState,True
case_18,Block-Edge,OK,0.001636,16,3,14,branchState,True
case_18,Block-SCC,OK,0.001698,16,3,15,branchState,True
case_20,Block-SCC,OK,0.372574,69,1,1,branchState,True
case_20,Lexicographic,OK,0.08348,66,1,2,dnfReduce,True
case_20,Lex-BranchState,OK,0.625527,69,1,3,branchState,True
case_20,Block-Vertex,OK,0.361683,69,1,4,branchState,True
case_20,Block-Edge,OK,0.537532,69,1,5,branchState,True
case_20,Lexicographic,OK,0.08278,66,2,6,dnfReduce,True
case_20,Lex-BranchState,OK,0.629335,69,2,7,branchState,True
case_20,Block-Vertex,OK,0.375708,69,2,8,branchState,True
case_20,Block-Edge,OK,0.539862,69,2,9,branchState,True
case_20,Block-SCC,OK,0.361716,69,2,10,branchState,True
case_20,Lex-BranchState,OK,0.610046,69,3,11,branchState,True
case_20,Block-Vertex,OK,0.370299,69,3,12,branchState,True
case_20,Block-Edge,OK,0.533569,69,3,13,branchState,True
case_20,Block-SCC,OK,0.358914,69,3,14,branchState,True
case_20,Lexicographic,OK,0.0832,66,3,15,dnfReduce,True
case_21,Lexicographic,Timeout,60.0114,0,1,1,dnfReduce,
case_21,Lex-BranchState,Timeout,60.8955,0,1,2,branchState,
case_21,Block-Vertex,Timeout,60.8638,0,1,3,branchState,
case_21,Block-Edge,Timeout,61.0767,0,1,4,branchState,
case_21,Block-SCC,Timeout,60.8543,0,1,5,branchState,
case_22,Lex-BranchState,OK,15.3394,77,1,1,branchState,True
case_22,Block-Vertex,Timeout,60.4099,0,1,2,branchState,
case_22,Block-Edge,Timeout,60.4031,0,1,3,branchState,
case_22,Block-SCC,Timeout,60.4175,0,1,4,branchState,
case_22,Lexicographic,OK,36.6888,74,1,5,dnfReduce,True
case_22,Lexicographic,OK,36.7302,74,2,9,dnfReduce,True
case_22,Lex-BranchState,OK,15.4974,77,2,10,branchState,True
case_22,Lexicographic,OK,36.6452,74,3,13,dnfReduce,True
case_22,Lex-BranchState,OK,15.431,77,3,14,branchState,True
case_23,Block-Vertex,Timeout,61.0724,0,1,1,branchState,
case_23,Block-Edge,Timeout,60.7439,0,1,2,branchState,
case_23,Block-SCC,Timeout,60.9942,0,1,3,branchState,
case_23,Lexicographic,Timeout,60.2359,0,1,4,dnfReduce,
case_23,Lex-BranchState,OK,46.0672,74,1,5,branchState,True
case_23,Lex-BranchState,OK,46.2454,74,2,9,branchState,True
case_23,Lex-BranchState,OK,46.3679,74,3,13,branchState,True
case_27,Block-Edge,OK,0.001523,10,1,1,branchState,True
case_27,Block-SCC,OK,0.001452,10,1,2,branchState,True
case_27,Lexicographic,OK,0.001289,10,1,3,dnfReduce,True
case_27,Lex-BranchState,OK,0.001353,10,1,4,branchState,True
case_27,Block-Vertex,OK,0.001388,10,1,5,branchState,True
case_27,Block-SCC,OK,0.001446,10,2,6,branchState,True
case_27,Lexicographic,OK,0.001259,10,2,7,dnfReduce,True
case_27,Lex-BranchState,OK,0.001249,10,2,8,branchState,True
case_27,Block-Vertex,OK,0.001382,10,2,9,branchState,True
case_27,Block-Edge,OK,0.001369,10,2,10,branchState,True
case_27,Lexicographic,OK,0.001218,10,3,11,dnfReduce,True
case_27,Lex-BranchState,OK,0.001254,10,3,12,branchState,True
case_27,Block-Vertex,OK,0.001361,10,3,13,branchState,True
case_27,Block-Edge,OK,0.001314,10,3,14,branchState,True
case_27,Block-SCC,OK,0.001389,10,3,15,branchState,True
case_104,Block-SCC,OK,0.005452,26,1,1,branchState,True
case_104,Lexicographic,OK,0.002521,26,1,2,dnfReduce,True
case_104,Lex-BranchState,OK,0.005145,26,1,3,branchState,True
case_104,Block-Vertex,OK,0.005413,26,1,4,branchState,True
case_104,Block-Edge,OK,0.004813,26,1,5,branchState,True
case_104,Lexicographic,OK,0.002512,26,2,6,dnfReduce,True
case_104,Lex-BranchState,OK,0.005113,26,2,7,branchState,True
case_104,Block-Vertex,OK,0.005643,26,2,8,branchState,True
case_104,Block-Edge,OK,0.00474,26,2,9,branchState,True
case_104,Block-SCC,OK,0.005455,26,2,10,branchState,True
case_104,Lex-BranchState,OK,0.005134,26,3,11,branchState,True
case_104,Block-Vertex,OK,0.005959,26,3,12,branchState,True
case_104,Block-Edge,OK,0.004926,26,3,13,branchState,True
case_104,Block-SCC,OK,0.005433,26,3,14,branchState,True
case_104,Lexicographic,OK,0.00293,26,3,15,dnfReduce,True
case_105,Lexicographic,OK,0.002954,19,1,1,dnfReduce,True
case_105,Lex-BranchState,OK,0.005986,20,1,2,branchState,True
case_105,Block-Vertex,OK,0.004308,20,1,3,branchState,True
case_105,Block-Edge,OK,0.004238,20,1,4,branchState,True
case_105,Block-SCC,OK,0.004304,20,1,5,branchState,True
case_105,Lex-BranchState,OK,0.004387,20,2,6,branchState,True
case_105,Block-Vertex,OK,0.004326,20,2,7,branchState,True
case_105,Block-Edge,OK,0.004291,20,2,8,branchState,True
case_105,Block-SCC,OK,0.004297,20,2,9,branchState,True
case_105,Lexicographic,OK,0.003216,19,2,10,dnfReduce,True
case_105,Block-Vertex,OK,0.004692,20,3,11,branchState,True
case_105,Block-Edge,OK,0.004338,20,3,12,branchState,True
case_105,Block-SCC,OK,0.004381,20,3,13,branchState,True
case_105,Lexicographic,OK,0.003106,19,3,14,dnfReduce,True
case_105,Lex-BranchState,OK,0.004264,20,3,15,branchState,True
triangle_with_two_exits,Lex-BranchState,OK,0.037746,30,1,1,branchState,True
triangle_with_two_exits,Block-Vertex,OK,0.034669,30,1,2,branchState,True
triangle_with_two_exits,Block-Edge,OK,0.034302,30,1,3,branchState,True
triangle_with_two_exits,Block-SCC,OK,0.03446,30,1,4,branchState,True
triangle_with_two_exits,Lexicographic,OK,0.011504,30,1,5,dnfReduce,True
triangle_with_two_exits,Block-Vertex,OK,0.034042,30,2,6,branchState,True
triangle_with_two_exits,Block-Edge,OK,0.032878,30,2,7,branchState,True
triangle_with_two_exits,Block-SCC,OK,0.034579,30,2,8,branchState,True
triangle_with_two_exits,Lexicographic,OK,0.01144,30,2,9,dnfReduce,True
triangle_with_two_exits,Lex-BranchState,OK,0.034917,30,2,10,branchState,True
triangle_with_two_exits,Block-Edge,OK,0.033081,30,3,11,branchState,True
triangle_with_two_exits,Block-SCC,OK,0.033814,30,3,12,branchState,True
triangle_with_two_exits,Lexicographic,OK,0.011332,30,3,13,dnfReduce,True
triangle_with_two_exits,Lex-BranchState,OK,0.0344,30,3,14,branchState,True
triangle_with_two_exits,Block-Vertex,OK,0.034257,30,3,15,branchState,True
chain_with_two_exits,Block-Vertex,OK,0.004487,20,1,1,branchState,True
chain_with_two_exits,Block-Edge,OK,0.004412,20,1,2,branchState,True
chain_with_two_exits,Block-SCC,OK,0.004419,20,1,3,branchState,True
chain_with_two_exits,Lexicographic,OK,0.002988,19,1,4,dnfReduce,True
chain_with_two_exits,Lex-BranchState,OK,0.004219,20,1,5,branchState,True
chain_with_two_exits,Block-Edge,OK,0.004319,20,2,6,branchState,True
chain_with_two_exits,Block-SCC,OK,0.004337,20,2,7,branchState,True
chain_with_two_exits,Lexicographic,OK,0.003089,19,2,8,dnfReduce,True
chain_with_two_exits,Lex-BranchState,OK,0.004123,20,2,9,branchState,True
chain_with_two_exits,Block-Vertex,OK,0.004739,20,2,10,branchState,True
chain_with_two_exits,Block-SCC,OK,0.004724,20,3,11,branchState,True
chain_with_two_exits,Lexicographic,OK,0.003076,19,3,12,dnfReduce,True
chain_with_two_exits,Lex-BranchState,OK,0.004197,20,3,13,branchState,True
chain_with_two_exits,Block-Vertex,OK,0.004275,20,3,14,branchState,True
chain_with_two_exits,Block-Edge,OK,0.004269,20,3,15,branchState,True
Jamaratv9,Block-Edge,Timeout,60.6226,0,1,1,branchState,
Jamaratv9,Block-SCC,Timeout,60.6574,0,1,2,branchState,
Jamaratv9,Lexicographic,OK,28.332,97,1,3,dnfReduce,True
Jamaratv9,Lex-BranchState,Timeout,60.5105,0,1,4,branchState,
Jamaratv9,Block-Vertex,Timeout,60.6319,0,1,5,branchState,
Jamaratv9,Lexicographic,OK,28.1705,97,2,7,dnfReduce,True
Jamaratv9,Lexicographic,OK,28.0703,97,3,11,dnfReduce,True
Braess_split,Block-SCC,OK,0.021424,56,1,1,branchState,True
Braess_split,Lexicographic,OK,0.006854,56,1,2,dnfReduce,True
Braess_split,Lex-BranchState,OK,0.02002,56,1,3,branchState,True
Braess_split,Block-Vertex,OK,0.020345,56,1,4,branchState,True
Braess_split,Block-Edge,OK,0.018245,56,1,5,branchState,True
Braess_split,Lexicographic,OK,0.007596,56,2,6,dnfReduce,True
Braess_split,Lex-BranchState,OK,0.020022,56,2,7,branchState,True
Braess_split,Block-Vertex,OK,0.020257,56,2,8,branchState,True
Braess_split,Block-Edge,OK,0.017635,56,2,9,branchState,True
Braess_split,Block-SCC,OK,0.020237,56,2,10,branchState,True
Braess_split,Lex-BranchState,OK,0.020585,56,3,11,branchState,True
Braess_split,Block-Vertex,OK,0.019959,56,3,12,branchState,True
Braess_split,Block-Edge,OK,0.017824,56,3,13,branchState,True
Braess_split,Block-SCC,OK,0.020963,56,3,14,branchState,True
Braess_split,Lexicographic,OK,0.00696,56,3,15,dnfReduce,True
Braess_congest,Lexicographic,OK,0.135747,57,1,1,dnfReduce,True
Braess_congest,Lex-BranchState,OK,1.12474,60,1,2,branchState,True
Braess_congest,Block-Vertex,OK,0.914672,60,1,3,branchState,True
Braess_congest,Block-Edge,OK,0.777143,60,1,4,branchState,True
Braess_congest,Block-SCC,OK,0.905368,60,1,5,branchState,True
Braess_congest,Lex-BranchState,OK,1.10161,60,2,6,branchState,True
Braess_congest,Block-Vertex,OK,0.894341,60,2,7,branchState,True
Braess_congest,Block-Edge,OK,0.771809,60,2,8,branchState,True
Braess_congest,Block-SCC,OK,0.898842,60,2,9,branchState,True
Braess_congest,Lexicographic,OK,0.13866,57,2,10,dnfReduce,True
Braess_congest,Block-Vertex,OK,0.894512,60,3,11,branchState,True
Braess_congest,Block-Edge,OK,0.782883,60,3,12,branchState,True
Braess_congest,Block-SCC,OK,0.896807,60,3,13,branchState,True
Braess_congest,Lexicographic,OK,0.137471,57,3,14,dnfReduce,True
Braess_congest,Lex-BranchState,OK,1.09959,60,3,15,branchState,True
New_Braess,Lex-BranchState,OK,0.007163,44,1,1,branchState,True
New_Braess,Block-Vertex,OK,0.007147,44,1,2,branchState,True
New_Braess,Block-Edge,OK,0.007026,44,1,3,branchState,True
New_Braess,Block-SCC,OK,0.007356,44,1,4,branchState,True
New_Braess,Lexicographic,OK,0.003445,44,1,5,dnfReduce,True
New_Braess,Block-Vertex,OK,0.007096,44,2,6,branchState,True
New_Braess,Block-Edge,OK,0.00698,44,2,7,branchState,True
New_Braess,Block-SCC,OK,0.007226,44,2,8,branchState,True
New_Braess,Lexicographic,OK,0.004136,44,2,9,dnfReduce,True
New_Braess,Lex-BranchState,OK,0.007295,44,2,10,branchState,True
New_Braess,Block-Edge,OK,0.007213,44,3,11,branchState,True
New_Braess,Block-SCC,OK,0.007416,44,3,12,branchState,True
New_Braess,Lexicographic,OK,0.0037,44,3,13,dnfReduce,True
New_Braess,Lex-BranchState,OK,0.007038,44,3,14,branchState,True
New_Braess,Block-Vertex,OK,0.007204,44,3,15,branchState,True
Big_Braess_split,Block-Vertex,OK,0.023709,68,1,1,branchState,True
Big_Braess_split,Block-Edge,OK,0.020942,68,1,2,branchState,True
Big_Braess_split,Block-SCC,OK,0.024094,68,1,3,branchState,True
Big_Braess_split,Lexicographic,OK,0.008182,68,1,4,dnfReduce,True
Big_Braess_split,Lex-BranchState,OK,0.022459,68,1,5,branchState,True
Big_Braess_split,Block-Edge,OK,0.020986,68,2,6,branchState,True
Big_Braess_split,Block-SCC,OK,0.023608,68,2,7,branchState,True
Big_Braess_split,Lexicographic,OK,0.008355,68,2,8,dnfReduce,True
Big_Braess_split,Lex-BranchState,OK,0.022726,68,2,9,branchState,True
Big_Braess_split,Block-Vertex,OK,0.02364,68,2,10,branchState,True
Big_Braess_split,Block-SCC,OK,0.023346,68,3,11,branchState,True
Big_Braess_split,Lexicographic,OK,0.008176,68,3,12,dnfReduce,True
Big_Braess_split,Lex-BranchState,OK,0.02274,68,3,13,branchState,True
Big_Braess_split,Block-Vertex,OK,0.023506,68,3,14,branchState,True
Big_Braess_split,Block-Edge,OK,0.020502,68,3,15,branchState,True
Big_Braess_congest,Block-Edge,OK,1.13079,72,1,1,branchState,True
Big_Braess_congest,Block-SCC,OK,0.975192,72,1,2,branchState,True
Big_Braess_congest,Lexicographic,OK,0.139915,69,1,3,dnfReduce,True
Big_Braess_congest,Lex-BranchState,OK,1.14723,72,1,4,branchState,True
Big_Braess_congest,Block-Vertex,OK,0.992946,72,1,5,branchState,True
Big_Braess_congest,Block-SCC,OK,0.977265,72,2,6,branchState,True
Big_Braess_congest,Lexicographic,OK,0.138259,69,2,7,dnfReduce,True
Big_Braess_congest,Lex-BranchState,OK,1.15802,72,2,8,branchState,True
Big_Braess_congest,Block-Vertex,OK,0.980268,72,2,9,branchState,True
Big_Braess_congest,Block-Edge,OK,1.10323,72,2,10,branchState,True
Big_Braess_congest,Lexicographic,OK,0.140098,69,3,11,dnfReduce,True
Big_Braess_congest,Lex-BranchState,OK,1.15662,72,3,12,branchState,True
Big_Braess_congest,Block-Vertex,OK,0.983113,72,3,13,branchState,True
Big_Braess_congest,Block-Edge,OK,1.10954,72,3,14,branchState,True
Big_Braess_congest,Block-SCC,OK,0.978047,72,3,15,branchState,True
HRF_Scenario_1,Block-SCC,Timeout,60.779,0,1,1,branchState,
HRF_Scenario_1,Lexicographic,Timeout,60.3043,0,1,2,dnfReduce,
HRF_Scenario_1,Lex-BranchState,Timeout,60.783,0,1,3,branchState,
HRF_Scenario_1,Block-Vertex,Timeout,60.8005,0,1,4,branchState,
HRF_Scenario_1,Block-Edge,Timeout,60.7962,0,1,5,branchState,
Paper_example,Lexicographic,OK,0.00203,22,1,1,dnfReduce,True
Paper_example,Lex-BranchState,OK,0.002278,22,1,2,branchState,True
Paper_example,Block-Vertex,OK,0.002337,22,1,3,branchState,True
Paper_example,Block-Edge,OK,0.002294,22,1,4,branchState,True
Paper_example,Block-SCC,OK,0.00237,22,1,5,branchState,True
Paper_example,Lex-BranchState,OK,0.002208,22,2,6,branchState,True
Paper_example,Block-Vertex,OK,0.002764,22,2,7,branchState,True
Paper_example,Block-Edge,OK,0.00229,22,2,8,branchState,True
Paper_example,Block-SCC,OK,0.002667,22,2,9,branchState,True
Paper_example,Lexicographic,OK,0.002075,22,2,10,dnfReduce,True
Paper_example,Block-Vertex,OK,0.002371,22,3,11,branchState,True
Paper_example,Block-Edge,OK,0.002319,22,3,12,branchState,True
Paper_example,Block-SCC,OK,0.002275,22,3,13,branchState,True
Paper_example,Lexicographic,OK,0.001994,22,3,14,dnfReduce,True
Paper_example,Lex-BranchState,OK,0.002134,22,3,15,branchState,True
Camilli_2015_simple,Lex-BranchState,OK,0.010095,37,1,1,branchState,True
Camilli_2015_simple,Block-Vertex,OK,0.009975,37,1,2,branchState,True
Camilli_2015_simple,Block-Edge,OK,0.010156,37,1,3,branchState,True
Camilli_2015_simple,Block-SCC,OK,0.01022,37,1,4,branchState,True
Camilli_2015_simple,Lexicographic,OK,0.004407,37,1,5,dnfReduce,True
Camilli_2015_simple,Block-Vertex,OK,0.009918,37,2,6,branchState,True
Camilli_2015_simple,Block-Edge,OK,0.009981,37,2,7,branchState,True
Camilli_2015_simple,Block-SCC,OK,0.009964,37,2,8,branchState,True
Camilli_2015_simple,Lexicographic,OK,0.004363,37,2,9,dnfReduce,True
Camilli_2015_simple,Lex-BranchState,OK,0.009393,37,2,10,branchState,True
Camilli_2015_simple,Block-Edge,OK,0.01012,37,3,11,branchState,True
Camilli_2015_simple,Block-SCC,OK,0.009893,37,3,12,branchState,True
Camilli_2015_simple,Lexicographic,OK,0.0047,37,3,13,dnfReduce,True
Camilli_2015_simple,Lex-BranchState,OK,0.009673,37,3,14,branchState,True
Camilli_2015_simple,Block-Vertex,OK,0.009756,37,3,15,branchState,True
Camilli_2015_general,Block-Vertex,Timeout,60.6185,0,1,1,branchState,
Camilli_2015_general,Block-Edge,Timeout,60.7371,0,1,2,branchState,
Camilli_2015_general,Block-SCC,Timeout,60.6302,0,1,3,branchState,
Camilli_2015_general,Lexicographic,OK,0.105157,177,1,4,dnfReduce,True
Camilli_2015_general,Lex-BranchState,Timeout,60.8304,0,1,5,branchState,
Camilli_2015_general,Lexicographic,OK,0.107988,177,2,8,dnfReduce,True
Camilli_2015_general,Lexicographic,OK,0.105007,177,3,12,dnfReduce,True
Achdou_2023_junction,Block-Edge,OK,0.446729,38,1,1,branchState,True
Achdou_2023_junction,Block-SCC,OK,0.122876,38,1,2,branchState,True
Achdou_2023_junction,Lexicographic,OK,0.081019,38,1,3,dnfReduce,True
Achdou_2023_junction,Lex-BranchState,OK,0.118913,38,1,4,branchState,True
Achdou_2023_junction,Block-Vertex,OK,0.113683,38,1,5,branchState,True
Achdou_2023_junction,Block-SCC,OK,0.116591,38,2,6,branchState,True
Achdou_2023_junction,Lexicographic,OK,0.068586,38,2,7,dnfReduce,True
Achdou_2023_junction,Lex-BranchState,OK,0.114526,38,2,8,branchState,True
Achdou_2023_junction,Block-Vertex,OK,0.11549,38,2,9,branchState,True
Achdou_2023_junction,Block-Edge,OK,0.117905,38,2,10,branchState,True
Achdou_2023_junction,Lexicographic,OK,0.065822,38,3,11,dnfReduce,True
Achdou_2023_junction,Lex-BranchState,OK,0.112533,38,3,12,branchState,True
Achdou_2023_junction,Block-Vertex,OK,0.112478,38,3,13,branchState,True
Achdou_2023_junction,Block-Edge,OK,0.11374,38,3,14,branchState,True
Achdou_2023_junction,Block-SCC,OK,0.11323,38,3,15,branchState,True
Inconsistent_Y_shortcut,Block-SCC,OK,0.030608,20,1,1,branchState,True
Inconsistent_Y_shortcut,Lexicographic,OK,0.007484,27,1,2,dnfReduce,True
Inconsistent_Y_shortcut,Lex-BranchState,OK,0.015265,20,1,3,branchState,True
Inconsistent_Y_shortcut,Block-Vertex,OK,0.019813,20,1,4,branchState,True
Inconsistent_Y_shortcut,Block-Edge,OK,0.014288,20,1,5,branchState,True
Inconsistent_Y_shortcut,Lexicographic,OK,0.005801,27,2,6,dnfReduce,True
Inconsistent_Y_shortcut,Lex-BranchState,OK,0.015396,20,2,7,branchState,True
Inconsistent_Y_shortcut,Block-Vertex,OK,0.018904,20,2,8,branchState,True
Inconsistent_Y_shortcut,Block-Edge,OK,0.013794,20,2,9,branchState,True
Inconsistent_Y_shortcut,Block-SCC,OK,0.018746,20,2,10,branchState,True
Inconsistent_Y_shortcut,Lex-BranchState,OK,0.014937,20,3,11,branchState,True
Inconsistent_Y_shortcut,Block-Vertex,OK,0.01903,20,3,12,branchState,True
Inconsistent_Y_shortcut,Block-Edge,OK,0.013802,20,3,13,branchState,True
Inconsistent_Y_shortcut,Block-SCC,OK,0.018774,20,3,14,branchState,True
Inconsistent_Y_shortcut,Lexicographic,OK,0.006275,27,3,15,dnfReduce,True
Inconsistent_attraction_shortcut,Lexicographic,OK,0.328115,43,1,1,dnfReduce,True
Inconsistent_attraction_shortcut,Lex-BranchState,OK,1.66171,35,1,2,branchState,True
Inconsistent_attraction_shortcut,Block-Vertex,OK,2.69223,35,1,3,branchState,True
Inconsistent_attraction_shortcut,Block-Edge,OK,2.64815,35,1,4,branchState,True
Inconsistent_attraction_shortcut,Block-SCC,OK,2.66284,35,1,5,branchState,True
Inconsistent_attraction_shortcut,Lex-BranchState,OK,1.71404,35,2,6,branchState,True
Inconsistent_attraction_shortcut,Block-Vertex,OK,2.68546,35,2,7,branchState,True
Inconsistent_attraction_shortcut,Block-Edge,OK,2.63162,35,2,8,branchState,True
Inconsistent_attraction_shortcut,Block-SCC,OK,2.66753,35,2,9,branchState,True
Inconsistent_attraction_shortcut,Lexicographic,OK,0.34269,43,2,10,dnfReduce,True
Inconsistent_attraction_shortcut,Block-Vertex,OK,2.67859,35,3,11,branchState,True
Inconsistent_attraction_shortcut,Block-Edge,OK,2.65275,35,3,12,branchState,True
Inconsistent_attraction_shortcut,Block-SCC,OK,2.65946,35,3,13,branchState,True
Inconsistent_attraction_shortcut,Lexicographic,OK,0.340866,43,3,14,dnfReduce,True
Inconsistent_attraction_shortcut,Lex-BranchState,OK,1.71356,35,3,15,branchState,True
Grid0303,Lex-BranchState,OK,14.4712,97,1,1,branchState,True
Grid0303,Block-Vertex,OK,14.3512,97,1,2,branchState,True
Grid0303,Block-Edge,OK,15.8157,97,1,3,branchState,True
Grid0303,Block-SCC,OK,14.0171,97,1,4,branchState,True
Grid0303,Lexicographic,OK,0.02973,93,1,5,dnfReduce,True
Grid0303,Block-Vertex,OK,13.9057,97,2,6,branchState,True
Grid0303,Block-Edge,OK,15.3492,97,2,7,branchState,True
Grid0303,Block-SCC,OK,13.9704,97,2,8,branchState,True
Grid0303,Lexicographic,OK,0.030321,93,2,9,dnfReduce,True
Grid0303,Lex-BranchState,OK,14.0061,97,2,10,branchState,True
Grid0303,Block-Edge,OK,15.2497,97,3,11,branchState,True
Grid0303,Block-SCC,OK,13.9373,97,3,12,branchState,True
Grid0303,Lexicographic,OK,0.029652,93,3,13,dnfReduce,True
Grid0303,Lex-BranchState,OK,14.0904,97,3,14,branchState,True
Grid0303,Block-Vertex,OK,13.921,97,3,15,branchState,True
Grid0404,Block-Vertex,Timeout,60.8695,0,1,1,branchState,
Grid0404,Block-Edge,Timeout,60.786,0,1,2,branchState,
Grid0404,Block-SCC,Timeout,60.8739,0,1,3,branchState,
Grid0404,Lexicographic,OK,25.1827,182,1,4,dnfReduce,True
Grid0404,Lex-BranchState,Timeout,60.5752,0,1,5,branchState,
Grid0404,Lexicographic,OK,26.742,182,2,8,dnfReduce,True
Grid0404,Lexicographic,OK,25.0944,182,3,12,dnfReduce,True
Grid0505,Block-Edge,Timeout,60.5467,0,1,1,branchState,
Grid0505,Block-SCC,Timeout,60.6711,0,1,2,branchState,
Grid0505,Lexicographic,Timeout,60.0895,0,1,3,dnfReduce,
Grid0505,Lex-BranchState,Timeout,60.6264,0,1,4,branchState,
Grid0505,Block-Vertex,Timeout,60.6694,0,1,5,branchState,
Grid0707,Block-SCC,Timeout,60.4219,0,1,1,branchState,
Grid0707,Lexicographic,Timeout,60.0436,0,1,2,dnfReduce,
Grid0707,Lex-BranchState,Timeout,60.4182,0,1,3,branchState,
Grid0707,Block-Vertex,Timeout,60.4272,0,1,4,branchState,
Grid0707,Block-Edge,Timeout,60.5303,0,1,5,branchState,
Grid0710,Lexicographic,Timeout,60.0387,0,1,1,dnfReduce,
Grid0710,Lex-BranchState,Timeout,60.1807,0,1,2,branchState,
Grid0710,Block-Vertex,Timeout,60.1764,0,1,3,branchState,
Grid0710,Block-Edge,Timeout,60.2175,0,1,4,branchState,
Grid0710,Block-SCC,Timeout,60.1711,0,1,5,branchState,
Grid1010,Lex-BranchState,Timeout,60.1013,0,1,1,branchState,
Grid1010,Block-Vertex,Timeout,60.142,0,1,2,branchState,
Grid1010,Block-Edge,Timeout,60.1425,0,1,3,branchState,
Grid1010,Block-SCC,Timeout,60.1477,0,1,4,branchState,
Grid1010,Lexicographic,Timeout,60.0372,0,1,5,dnfReduce,
